Pesquisa;Produto;Preço;Link;Loja
Caixa de Som JBL Flip 6;Caixa de Som Bluetooth Portátil JBL Flip 7, 35W RMS, À Prova d'Água IP68, Bateria de 14h, Auracast, Azul - JBLFLIP7BLUBR;749,00;https://www.kabum.com.br/produto/876266/caixa-de-som-bluetooth-portatil-jbl-flip-7-35w-rms-a-prova-d-agua-ip68-bateria-de-14h-auracast-azul-jblflip7blubr;KaBuM
Caixa de Som JBL Flip 6;Caixa De Som Portátil JBL Flip 6, Bluetooth, 20W RMS, À Prova D'água, 12 Hrs de Bateria, Preto;889,00;https://www.kabum.com.br/produto/326431/caixa-de-som-portatil-jbl-flip-6-bluetooth-20w-rms-a-prova-d-agua-12-hrs-de-bateria-preto;KaBuM
Caixa de Som JBL Flip 6;Caixa de Som Bluetooth Portátil Charge 6 JBL - Preta - JBLCHARGE6BLK;996,98;https://www.kabum.com.br/produto/876268/caixa-de-som-bluetooth-portatil-charge-6-jbl-preta-jblcharge6blk;KaBuM
Smart TV Samsung 50 polegadas Crystal UHD;"Samsung Smart TV 50"" Crystal UHD 4K U8600F 2025, Xbox Cloud Gaming, Canais Gratuitos, Alexa";2.219,90;https://www.kabum.com.br/produto/871638/samsung-smart-tv-50-crystal-uhd-4k-u8600f-2025-xbox-cloud-gaming-canais-gratuitos-alexa-50-;KaBuM
Smart TV Samsung 50 polegadas Crystal UHD;"Smart TV 50"" Samsung UHD 4K Crystal UHD U8600F UN50U8600FGXZD Tizen Crystal 4K Bixby e Alexa 3 HDMI";2.688,00;https://www.kabum.com.br/produto/933518/smart-tv-50-samsung-uhd-4k-crystal-uhd-u8600f-un50u8600fgxzd-tizen-crystal-4k-bixby-e-alexa-3-hdmi;KaBuM
Smart TV Samsung 50 polegadas Crystal UHD;Samsung Smart Tv 58” Crystal Uhd 4k U8500f 2025, XBOX Cloud Gaming, Canais Gratuitos, 7 Anos De Atualização, Ai Energy Mode, Alexa Integrada 58”;2.789,90;https://www.kabum.com.br/produto/881982/samsung-smart-tv-58-crystal-uhd-4k-u8500f-2025-xbox-cloud-gaming-canais-gratuitos-7-anos-de-atualizacao-ai-energy-mode-alexa-integrada-58-;KaBuM
iPhone 15 Apple 128GB;Iphone 15 Apple, 128GB, Quadriband, 6,1 Polegadas, Preto - Mtp03br/a;4.499,10;https://www.kabum.com.br/produto/519143/iphone-15-apple-128gb-quadriband-6-1-polegadas-preto-mtp03br-a;KaBuM
iPhone 15 Apple 128GB;Apple Iphone 15 128GB Azul;4.299,00;https://www.kabum.com.br/produto/519141/apple-iphone-15-128gb-azul;KaBuM
iPhone 15 Apple 128GB;Apple Iphone 15 128GB Rosa;4.299,00;https://www.kabum.com.br/produto/519144/apple-iphone-15-128gb-rosa;KaBuM
Smartphone Samsung Galaxy S23 Ultra;Usado - Smartphone Samsung Galaxy S23 Ultra, 5G, 512GB, Ram 12Gb, Câmera 12Mp, Tela 6.8'', Verde - Excelente;3.929,00;https://www.kabum.com.br/produto/500282/usado-smartphone-samsung-galaxy-s23-ultra-5g-512gb-ram-12gb-camera-12mp-tela-6-8-verde-excelente;KaBuM
Smartphone Samsung Galaxy S23 Ultra;Usado - Galaxy S23 Ultra 256gb Preto - Muito Bom;3.959,00;https://www.kabum.com.br/produto/995713/usado-galaxy-s23-ultra-256gb-preto-muito-bom;KaBuM
Smartphone Samsung Galaxy S23 Ultra;Usado - Samsung Galaxy S23 Ultra 5G, 512GB, Preto - Muito Bom;3.365,10;https://www.kabum.com.br/produto/502461/usado-samsung-galaxy-s23-ultra-5g-512gb-preto-muito-bom;KaBuM
Tablet Apple iPad Air M2;"iPad Air Apple, Tela 13"", 512GB, Chip M2, Wi-Fi, Câmera Traseira 12MP, iPadOS 17, Azul - MV2K3BZ/A";5.899,90;https://www.kabum.com.br/produto/581299/ipad-air-apple-tela-13-512gb-chip-m2-wi-fi-camera-traseira-12mp-ipados-17-azul-mv2k3bz-a;KaBuM
Tablet Apple iPad Air M2;Apple iPad Air de 11” Wi-Fi 128GB Cinza Espacial;6.699,00;https://www.kabum.com.br/produto/965637/apple-ipad-air-de-11-wi-fi-128gb-cinza-espacial;KaBuM
Tablet Apple iPad Air M2;"iPad Air Apple, Tela 11"", 1TB, Chip M2, Wi-Fi + Cellular, Câmera Traseira 12MP, iPadOS 17, Azul - MUXT3BZ/A";9.899,90;https://www.kabum.com.br/produto/581287/ipad-air-apple-tela-11-1tb-chip-m2-wi-fi-cellular-camera-traseira-12mp-ipados-17-azul-muxt3bz-a;KaBuM
Notebook Gamer Acer Nitro 5;"Notebook Gamer Acer Nitro V15, AMD Ryzen 7-7735HS, 16GB RAM, RTX 4050, SSD 512 GB, Tela 15.6"" Full HD, Linux 64 Bits - Anv15-41-R2gt";5.699,70;https://www.kabum.com.br/produto/952820/notebook-gamer-acer-nitro-v15-anv15-41-r2gt-amd-ryzen-7-7735hs-rtx-4050-16-gb-ram-512-gb-ssd-full-hd-15-6-;KaBuM
Notebook Gamer Acer Nitro 5;Notebook Gamer Acer Nitro V15 Anv15-52-56pd, Intel Core i5-13420h De 13ªG, 8GB RAM, RTX4050, SSD 512GB, Tela 15.6” FHD, WINDOWS 11;5.984,10;https://www.kabum.com.br/produto/986009/notebook-acer-nitro-v15-anv15-52-56pd-nvidia-rtx-4050-intel-core-i5-13420h-15-6-8gb-512gb-ssd-windows-11-home-nh-u0cal-002;KaBuM
Notebook Gamer Acer Nitro 5;"Notebook Gamer Acer Nitro V15, Intel Core i7-13620h 13ªG, 16GB RAM, RTX 4050, SSD 512GB, Tela 15.6"" Full HD, Linux - Anv15-52-737p";6.389,10;https://www.kabum.com.br/produto/916712/notebook-gamer-acer-nitro-v15-anv15-52-737p-intel-core-i7-13620h-13-g-16gb-ram-512gb-ssd-rtx4050-fhd-15-6-;KaBuM
Monitor Gamer LG Ultragear 27;"Monitor Gamer LG UltraGear 27"", FHD, 180Hz, 1ms, IPS, DP e HDMI, HDR10, FreeSync, G-Sync - 27GS60F-B";999,99;https://www.kabum.com.br/produto/620992/monitor-gamer-lg-ultragear-27-fhd-180hz-1ms-ips-dp-e-hdmi-hdr10-freesync-g-sync-27gs60f-b;KaBuM
Monitor Gamer LG Ultragear 27;"Monitor Gamer LG UltraGear 27"", FHD, 240Hz, 1ms, IPS, FreeSync Premium, G-Sync, HDR10, Altura Ajustável - 27GN750-B.AWZ";1.249,99;https://www.kabum.com.br/produto/156100/monitor-gamer-lg-ultragear-27-fhd-240hz-1ms-ips-freesync-premium-g-sync-hdr10-altura-ajustavel-27gn750-b-awz;KaBuM
Monitor Gamer LG Ultragear 27;"Monitor Gamer LG UltraGear 24"", Full HD, 144Hz, 1ms, IPS, G-Sync, FreeSync, HDR10, Preto - 24G411A-B";669,99;https://www.kabum.com.br/produto/986739/monitor-gamer-lg-ultragear-24-full-hd-144hz-1ms-ips-g-sync-freesync-hdr10-preto-24g411a-b;KaBuM
Suporte para Monitor articulado F80N;"Suporte de Mesa Articulado para Monitor de 17"" a 32"" North Bayou, Ajustes com Pistão a Gás, Grafite - F80 NB";109,99;https://www.kabum.com.br/produto/480097/suporte-de-mesa-articulado-para-monitor-de-17-a-32-north-bayou-ajustes-com-pistao-a-gas-grafite-f80-nb;KaBuM
Suporte para Monitor articulado F80N;"Suporte de Mesa Articulado para Monitores de 17"" a 35"", ELG, Ajuste de altura com Pistão a Gás - F80N";269,99;https://www.kabum.com.br/produto/107363/suporte-de-mesa-articulado-para-monitores-de-17-a-35-elg-ajuste-de-altura-com-pistao-a-gas-f80n;KaBuM
Suporte para Monitor articulado F80N;"Suporte de Mesa Articulado para Monitor de 17"" a 35"" ELG, com Pistão a Gás e Cabo HDMI 2.0, VESA, Grafite - F98HDMI";149,99;https://www.kabum.com.br/produto/469012/suporte-de-mesa-articulado-para-monitor-de-17-a-35-elg-com-pistao-a-gas-e-cabo-hdmi-2-0-vesa-grafite-f98hdmi;KaBuM
Caixa de Som JBL Flip 6;Caixa De Som Bluetooth 30w Prova D Água Flip 6 Jbl Azul Biv;"R$
750";Sem link;Mercado Livre
Caixa de Som JBL Flip 6;Caixa De Som Jbl Flip 6 Bluetooth Potência 30w Preta Cor Preto;Sem preço;Sem link;Mercado Livre
Caixa de Som JBL Flip 6;Caixa De Som Bluetooth Flip 6 30w Rms Jbl Cor Preto;Sem preço;Sem link;Mercado Livre
Caixa de Som JBL Flip 6;JBL, Caixa de Som, Boombox 4, Bluetooth, Som JBL Pro, AI Sound Boost, Graves Personalizáveis, Bateria de até 34h, IP68, Áudio Lossless – Squad;R$ 2546,99;https://www.amazon.com.br/sspa/click?ie=UTF8&spc=MTo2ODUwNjE3NDU0Njg4NjAxOjE3Nzg3OTQ0MDk6c3BfYXRmOjMwMTI4MTg1NTc1ODYwMjo6MDo6&url=%2FJBL-Boombox-Bluetooth-Personaliz%25C3%25A1veis-Lossless%2Fdp%2FB0FK1DZHNP%2Fref%3Dsr_1_1_sspa%3F__mk_pt_BR%3D%25C3%2585M%25C3%2585%25C5%25BD%25C3%2595%25C3%2591%26dib%3DeyJ2IjoiMSJ9.BDiBxzqDfJBKd2m2sjpGhcj1ff1hGGoWH4P5Q7-gukSzykI8LHaKskcgbsBLuUumF5yFH_FSdlfgwQv0aufVcKmBtvG3oX1P5uIbcM2Mh1kkAqIdedpzCAaQGzvfS9ONrw-_TepGAvjUzB3Q-RUtX9BsPoBS7vXvuYI6QwV0P9bdUYe_yYhoYu4qtKuVeuc5OMvF69nKAKaIpKz7_rhm633TwTVSjLv_CtUURQbvFmnuEz68JYMk8wA7Ofvc2Fska4oc2xEw5BGaHheE62C7ps7l4brH6hcPUYBGefablW0.sU3jTK-ec5VYqE_658LbH_6XDD1prvfvChjrGeN6SEM%26dib_tag%3Dse%26keywords%3DCaixa%2Bde%2BSom%2BJBL%2BFlip%2B6%26qid%3D1778794409%26sr%3D8-1-spons%26ufe%3Dapp_do%253Aamzn1.fos.95de73c3-5dda-43a7-bd1f-63af03b14751%26sp_csd%3Dd2lkZ2V0TmFtZT1zcF9hdGY%26psc%3D1;Amazon
Caixa de Som JBL Flip 6;JBL, Caixa de Som, PartyBox Encore Essential 2, Show de Luzes, Bluetooth, Portátil, Resistente a Respingos, Bateria de até 15h, Som JBL Pro Sound, AI Sound Boost, 100 W RMS;Sem preço;https://www.amazon.com.br/sspa/click?ie=UTF8&spc=MTo2ODUwNjE3NDU0Njg4NjAxOjE3Nzg3OTQ0MDk6c3BfYXRmOjMwMTIwNzcxNzAwNzUwMjo6MDo6&url=%2FJBL-PartyBox-Essential-Bluetooth-Respingos%2Fdp%2FB0FL2QF7YJ%2Fref%3Dsr_1_2_sspa%3F__mk_pt_BR%3D%25C3%2585M%25C3%2585%25C5%25BD%25C3%2595%25C3%2591%26dib%3DeyJ2IjoiMSJ9.BDiBxzqDfJBKd2m2sjpGhcj1ff1hGGoWH4P5Q7-gukSzykI8LHaKskcgbsBLuUumF5yFH_FSdlfgwQv0aufVcKmBtvG3oX1P5uIbcM2Mh1kkAqIdedpzCAaQGzvfS9ONrw-_TepGAvjUzB3Q-RUtX9BsPoBS7vXvuYI6QwV0P9bdUYe_yYhoYu4qtKuVeuc5OMvF69nKAKaIpKz7_rhm633TwTVSjLv_CtUURQbvFmnuEz68JYMk8wA7Ofvc2Fska4oc2xEw5BGaHheE62C7ps7l4brH6hcPUYBGefablW0.sU3jTK-ec5VYqE_658LbH_6XDD1prvfvChjrGeN6SEM%26dib_tag%3Dse%26keywords%3DCaixa%2Bde%2BSom%2BJBL%2BFlip%2B6%26qid%3D1778794409%26sr%3D8-2-spons%26ufe%3Dapp_do%253Aamzn1.fos.95de73c3-5dda-43a7-bd1f-63af03b14751%26sp_csd%3Dd2lkZ2V0TmFtZT1zcF9hdGY%26psc%3D1;Amazon
Caixa de Som JBL Flip 6;JBL, Caixa de Som, Go 4, Bluetooth, Portátil, Auracast, À Prova D'água e Poeira - Preta;Sem preço;https://www.amazon.com.br/sspa/click?ie=UTF8&spc=MTo2ODUwNjE3NDU0Njg4NjAxOjE3Nzg3OTQ0MDk6c3BfYXRmOjMwMTE3NzMxMzcxMjMwMjo6MDo6&url=%2FJBL-Bluetooth-Speaker-Preta-JBLGO4BLK%2Fdp%2FB0CX5C6WP3%2Fref%3Dsr_1_3_sspa%3F__mk_pt_BR%3D%25C3%2585M%25C3%2585%25C5%25BD%25C3%2595%25C3%2591%26dib%3DeyJ2IjoiMSJ9.BDiBxzqDfJBKd2m2sjpGhcj1ff1hGGoWH4P5Q7-gukSzykI8LHaKskcgbsBLuUumF5yFH_FSdlfgwQv0aufVcKmBtvG3oX1P5uIbcM2Mh1kkAqIdedpzCAaQGzvfS9ONrw-_TepGAvjUzB3Q-RUtX9BsPoBS7vXvuYI6QwV0P9bdUYe_yYhoYu4qtKuVeuc5OMvF69nKAKaIpKz7_rhm633TwTVSjLv_CtUURQbvFmnuEz68JYMk8wA7Ofvc2Fska4oc2xEw5BGaHheE62C7ps7l4brH6hcPUYBGefablW0.sU3jTK-ec5VYqE_658LbH_6XDD1prvfvChjrGeN6SEM%26dib_tag%3Dse%26keywords%3DCaixa%2Bde%2BSom%2BJBL%2BFlip%2B6%26qid%3D1778794409%26sr%3D8-3-spons%26ufe%3Dapp_do%253Aamzn1.fos.a492fd4a-f54d-4e8d-8c31-35e0a04ce61e%26sp_csd%3Dd2lkZ2V0TmFtZT1zcF9hdGY%26psc%3D1;Amazon
Smart TV Samsung 50 polegadas Crystal UHD;"TV LG 32"" LED HD Smart Pro 32RL601CBSA";R$ 989,00;https://www.amazon.com.br/sspa/click?ie=UTF8&spc=MTo1MDU3MzM5ODkyNjgwMjUxOjE3Nzg3OTQ0MTE6c3BfYXRmOjMwMTI0OTA3ODQwMDYwMjo6MDo6&url=%2FLG-LED-Smart-Pro-32RL601CBSA%2Fdp%2FB0FNDHW5L9%2Fref%3Dsr_1_1_sspa%3F__mk_pt_BR%3D%25C3%2585M%25C3%2585%25C5%25BD%25C3%2595%25C3%2591%26dib%3DeyJ2IjoiMSJ9.givLv64VjRjH7V7zCLOxZU3tbaT8AoKTU6o79pWWwwd2hqwQFIJeMnoo_jXk7QkGqoGgMAZMW1I6vOaNQWy15w0Y2bRCPjV7f9DfAfTyLdXIDV8K3Dla2Qfpgxiq-C62QyT80NetJ2bn2bzYem-i_n4mIXR7q9gt5TLmWEjTki2ZjWECuwfpJpPbnWdjqhHYHOCb2Uk46FE2TaTqKPMSiYzETN__GMXQjPLRstzISzVU8o4AxFcL77iQiNZveyTapQZgZxtUAiHmQ12A-36fQbg8VVorgkpo1VIY5KYLB4M.mD3Qha7OStivIfi78BTRYfbdAGxaf2Q9KILdi6KHWdY%26dib_tag%3Dse%26keywords%3DSmart%2BTV%2BSamsung%2B50%2Bpolegadas%2BCrystal%2BUHD%26qid%3D1778794411%26sr%3D8-1-spons%26ufe%3Dapp_do%253Aamzn1.fos.95de73c3-5dda-43a7-bd1f-63af03b14751%26sp_csd%3Dd2lkZ2V0TmFtZT1zcF9hdGY%26psc%3D1;Amazon
Smart TV Samsung 50 polegadas Crystal UHD;"Samsung Smart TV 43"" Crystal UHD 4K U8600F 2025";Sem preço;https://www.amazon.com.br/sspa/click?ie=UTF8&spc=MTo1MDU3MzM5ODkyNjgwMjUxOjE3Nzg3OTQ0MTE6c3BfYXRmOjMwMTI3MzMwNDg0ODgwMjo6MDo6&url=%2FSamsung-Smart-Crystal-U8600F-2025%2Fdp%2FB0F5X7D36N%2Fref%3Dsr_1_2_sspa%3F__mk_pt_BR%3D%25C3%2585M%25C3%2585%25C5%25BD%25C3%2595%25C3%2591%26dib%3DeyJ2IjoiMSJ9.givLv64VjRjH7V7zCLOxZU3tbaT8AoKTU6o79pWWwwd2hqwQFIJeMnoo_jXk7QkGqoGgMAZMW1I6vOaNQWy15w0Y2bRCPjV7f9DfAfTyLdXIDV8K3Dla2Qfpgxiq-C62QyT80NetJ2bn2bzYem-i_n4mIXR7q9gt5TLmWEjTki2ZjWECuwfpJpPbnWdjqhHYHOCb2Uk46FE2TaTqKPMSiYzETN__GMXQjPLRstzISzVU8o4AxFcL77iQiNZveyTapQZgZxtUAiHmQ12A-36fQbg8VVorgkpo1VIY5KYLB4M.mD3Qha7OStivIfi78BTRYfbdAGxaf2Q9KILdi6KHWdY%26dib_tag%3Dse%26keywords%3DSmart%2BTV%2BSamsung%2B50%2Bpolegadas%2BCrystal%2BUHD%26qid%3D1778794411%26sr%3D8-2-spons%26ufe%3Dapp_do%253Aamzn1.fos.9e6a115c-05b9-4b96-8e1c-b1f9ce2ac1a6%26sp_csd%3Dd2lkZ2V0TmFtZT1zcF9hdGY%26psc%3D1;Amazon
Smart TV Samsung 50 polegadas Crystal UHD;"Samsung Smart TV 43"" FHD F6000F 2025";R$ 1977,88;https://www.amazon.com.br/sspa/click?ie=UTF8&spc=MTo1MDU3MzM5ODkyNjgwMjUxOjE3Nzg3OTQ0MTE6c3BfYXRmOjMwMTE3NzMxMzcwNzIwMjo6MDo6&url=%2FSamsung-Smart-FHD-F6000F-2025%2Fdp%2FB0F38JCXS7%2Fref%3Dsr_1_3_sspa%3F__mk_pt_BR%3D%25C3%2585M%25C3%2585%25C5%25BD%25C3%2595%25C3%2591%26dib%3DeyJ2IjoiMSJ9.givLv64VjRjH7V7zCLOxZU3tbaT8AoKTU6o79pWWwwd2hqwQFIJeMnoo_jXk7QkGqoGgMAZMW1I6vOaNQWy15w0Y2bRCPjV7f9DfAfTyLdXIDV8K3Dla2Qfpgxiq-C62QyT80NetJ2bn2bzYem-i_n4mIXR7q9gt5TLmWEjTki2ZjWECuwfpJpPbnWdjqhHYHOCb2Uk46FE2TaTqKPMSiYzETN__GMXQjPLRstzISzVU8o4AxFcL77iQiNZveyTapQZgZxtUAiHmQ12A-36fQbg8VVorgkpo1VIY5KYLB4M.mD3Qha7OStivIfi78BTRYfbdAGxaf2Q9KILdi6KHWdY%26dib_tag%3Dse%26keywords%3DSmart%2BTV%2BSamsung%2B50%2Bpolegadas%2BCrystal%2BUHD%26qid%3D1778794411%26sr%3D8-3-spons%26ufe%3Dapp_do%253Aamzn1.fos.95de73c3-5dda-43a7-bd1f-63af03b14751%26sp_csd%3Dd2lkZ2V0TmFtZT1zcF9hdGY%26psc%3D1;Amazon
iPhone 15 Apple 128GB;Apple iPhone 15 (128 GB) — Preto;R$ 59,00;https://www.amazon.com.br/sspa/click?ie=UTF8&spc=MTo2Mzc4MDg5Njg2MzE2MzA3OjE3Nzg3OTQ0MTM6c3BfYXRmOjMwMDIxMzA4Njc3NTQwMjo6MDo6&url=%2FApple-iPhone-15-128-GB%2Fdp%2FB0CP6CVJSG%2Fref%3Dsr_1_1_sspa%3F__mk_pt_BR%3D%25C3%2585M%25C3%2585%25C5%25BD%25C3%2595%25C3%2591%26dib%3DeyJ2IjoiMSJ9.c0RMxE32C3SLpwMORgB1uT8xX7JrxF14R8UcMmqePFiXwirAsDhvHIzOXNnW2NfhQWARI1oFX8S1mYJHM6XbtLDPQ9buvS-0wmhs8ftj-VeTdHGPMGvZngphMY4fRsfKKPb5wwZEiVVBSsCHXEHgTHEsd2bomoR1FRb-PsMp5MIegWIxJLGjVahF9nAUbE-Dvxdxa9mb_VbD6HdXRfIXZ2KHenudp_LQHe1hXQHUYRQK610DvrPetsf4uYoHCHOY5q-TLBEpPZXS6RBqun99QkYdAWzRyrR741vOq1iPnAk.usxKsQJ4EpbfnTgf-F66m0GsJxNyU9qoEP4SI4HIlEc%26dib_tag%3Dse%26keywords%3DiPhone%2B15%2BApple%2B128GB%26qid%3D1778794413%26sr%3D8-1-spons%26ufe%3Dapp_do%253Aamzn1.fos.9e6a115c-05b9-4b96-8e1c-b1f9ce2ac1a6%26sp_csd%3Dd2lkZ2V0TmFtZT1zcF9hdGY%26psc%3D1;Amazon
iPhone 15 Apple 128GB;Apple iPhone 16 (128 GB) – Branco (Recondicionado);R$ 69,00;https://www.amazon.com.br/sspa/click?ie=UTF8&spc=MTo2Mzc4MDg5Njg2MzE2MzA3OjE3Nzg3OTQ0MTM6c3BfYXRmOjMwMTIzNzI1NzEwNzgwMjo6MDo6&url=%2FApple-iPhone-16-128-Recondicionado%2Fdp%2FB0FTLFJTLN%2Fref%3Dsr_1_2_sspa%3F__mk_pt_BR%3D%25C3%2585M%25C3%2585%25C5%25BD%25C3%2595%25C3%2591%26dib%3DeyJ2IjoiMSJ9.c0RMxE32C3SLpwMORgB1uT8xX7JrxF14R8UcMmqePFiXwirAsDhvHIzOXNnW2NfhQWARI1oFX8S1mYJHM6XbtLDPQ9buvS-0wmhs8ftj-VeTdHGPMGvZngphMY4fRsfKKPb5wwZEiVVBSsCHXEHgTHEsd2bomoR1FRb-PsMp5MIegWIxJLGjVahF9nAUbE-Dvxdxa9mb_VbD6HdXRfIXZ2KHenudp_LQHe1hXQHUYRQK610DvrPetsf4uYoHCHOY5q-TLBEpPZXS6RBqun99QkYdAWzRyrR741vOq1iPnAk.usxKsQJ4EpbfnTgf-F66m0GsJxNyU9qoEP4SI4HIlEc%26dib_tag%3Dse%26keywords%3DiPhone%2B15%2BApple%2B128GB%26qid%3D1778794413%26sr%3D8-2-spons%26sp_csd%3Dd2lkZ2V0TmFtZT1zcF9hdGY%26psc%3D1;Amazon
iPhone 15 Apple 128GB;Cabo USB-C para USB-C 100W PD 5A 9 Carregamento Ultra Rápido (1,5 metro), Nylon Trançado e Liga de Zinco - Compatível com MacBook Pro/Air, iPad Pro, iPhone 15/16, Samsung S21/S23/S24 e Notebooks;R$ ,;https://www.amazon.com.br/sspa/click?ie=UTF8&spc=MTo2Mzc4MDg5Njg2MzE2MzA3OjE3Nzg3OTQ0MTM6c3BfYXRmOjMwMTI3OTM1NDQ5MDUwMjo6MDo6&url=%2FUSB-C-Carregamento-Ultra-R%25C3%25A1pido-Tran%25C3%25A7ado%2Fdp%2FB0GZLQB5TW%2Fref%3Dsr_1_3_sspa%3F__mk_pt_BR%3D%25C3%2585M%25C3%2585%25C5%25BD%25C3%2595%25C3%2591%26dib%3DeyJ2IjoiMSJ9.c0RMxE32C3SLpwMORgB1uT8xX7JrxF14R8UcMmqePFiXwirAsDhvHIzOXNnW2NfhQWARI1oFX8S1mYJHM6XbtLDPQ9buvS-0wmhs8ftj-VeTdHGPMGvZngphMY4fRsfKKPb5wwZEiVVBSsCHXEHgTHEsd2bomoR1FRb-PsMp5MIegWIxJLGjVahF9nAUbE-Dvxdxa9mb_VbD6HdXRfIXZ2KHenudp_LQHe1hXQHUYRQK610DvrPetsf4uYoHCHOY5q-TLBEpPZXS6RBqun99QkYdAWzRyrR741vOq1iPnAk.usxKsQJ4EpbfnTgf-F66m0GsJxNyU9qoEP4SI4HIlEc%26dib_tag%3Dse%26keywords%3DiPhone%2B15%2BApple%2B128GB%26qid%3D1778794413%26sr%3D8-3-spons%26sp_csd%3Dd2lkZ2V0TmFtZT1zcF9hdGY%26psc%3D1;Amazon
Smartphone Samsung Galaxy S23 Ultra;"Smartphone Samsung Galaxy S24 Ultra, Galaxy AI, Selfie de 12MP, Tela de 6.8"" 1-120Hz, 256GB, 12GB RAM - Titânio Preto";R$ 2777,00;https://www.amazon.com.br/sspa/click?ie=UTF8&spc=MTo1NTMwODYxMTE2NDQ3ODI2OjE3Nzg3OTQ0MTU6c3BfYXRmOjMwMTI2OTgyOTk1MDkwMjo6MDo6&url=%2FSmartphone-Samsung-Galaxy-Selfie-1-120Hz%2Fdp%2FB0CQD9VK7X%2Fref%3Dsr_1_1_sspa%3F__mk_pt_BR%3D%25C3%2585M%25C3%2585%25C5%25BD%25C3%2595%25C3%2591%26dib%3DeyJ2IjoiMSJ9.MbrZ4RrcpZyBdm-mE0GIqGeQDrnoVYQGDj_KSGSgkA5vNMwog-qB5CwXvyTatCH9fs0A3sxDa0GWu4NeFrQ9oeqkqxufFYMNzQWLo34P55IiM-mflkp3eIXkCv7u-05XhIg8JZ62vDX1mie-Nw2kVga_OYeBUyuHcH_J2p0pvWKCjD4Bj1hKqTpDPw5dUwI3kXVOw4CToA93RdL2gwDPj9DnCMOwxOlk3p84LDlWBlzJ015MymVyxhX_VbBUSnn5mlxec1MJrlXEnIgOyi0BZqwuFAGsll4zq3IKnKWZw1s.o14YXvwqfes6GL2h4Si1hl01jTXuF4_if2DxfLYyshg%26dib_tag%3Dse%26keywords%3DSmartphone%2BSamsung%2BGalaxy%2BS23%2BUltra%26qid%3D1778794415%26sr%3D8-1-spons%26ufe%3Dapp_do%253Aamzn1.fos.25548f35-0de7-44b3-b28e-0f56f3f96147%26sp_csd%3Dd2lkZ2V0TmFtZT1zcF9hdGY%26psc%3D1;Amazon
Smartphone Samsung Galaxy S23 Ultra;Smartphone TCL 605 Tela 6.7 Hd+ 90hz 256GB + 14GB* RAM (*4GB +10GB RAM expandida) 50MP + 5MP Processador Octa Core NFC Bateria de 5200Mah;R$ 2443,00;https://www.amazon.com.br/sspa/click?ie=UTF8&spc=MTo1NTMwODYxMTE2NDQ3ODI2OjE3Nzg3OTQ0MTU6c3BfYXRmOjMwMTA4MDY2MDg2NjEwMjo6MDo6&url=%2FSmartphone-TCL-expandida-Processador-Bateria%2Fdp%2FB0CSKCFQHF%2Fref%3Dsr_1_2_sspa%3F__mk_pt_BR%3D%25C3%2585M%25C3%2585%25C5%25BD%25C3%2595%25C3%2591%26dib%3DeyJ2IjoiMSJ9.MbrZ4RrcpZyBdm-mE0GIqGeQDrnoVYQGDj_KSGSgkA5vNMwog-qB5CwXvyTatCH9fs0A3sxDa0GWu4NeFrQ9oeqkqxufFYMNzQWLo34P55IiM-mflkp3eIXkCv7u-05XhIg8JZ62vDX1mie-Nw2kVga_OYeBUyuHcH_J2p0pvWKCjD4Bj1hKqTpDPw5dUwI3kXVOw4CToA93RdL2gwDPj9DnCMOwxOlk3p84LDlWBlzJ015MymVyxhX_VbBUSnn5mlxec1MJrlXEnIgOyi0BZqwuFAGsll4zq3IKnKWZw1s.o14YXvwqfes6GL2h4Si1hl01jTXuF4_if2DxfLYyshg%26dib_tag%3Dse%26keywords%3DSmartphone%2BSamsung%2BGalaxy%2BS23%2BUltra%26qid%3D1778794415%26sr%3D8-2-spons%26ufe%3Dapp_do%253Aamzn1.fos.95de73c3-5dda-43a7-bd1f-63af03b14751%26sp_csd%3Dd2lkZ2V0TmFtZT1zcF9hdGY%26psc%3D1;Amazon
Smartphone Samsung Galaxy S23 Ultra;"Celular Samsung Galaxy A07 256GB, 8GB, Câm. 50MP, Tela 6.7"" - Violeta";R$ ,;https://www.amazon.com.br/sspa/click?ie=UTF8&spc=MTo1NTMwODYxMTE2NDQ3ODI2OjE3Nzg3OTQ0MTU6c3BfYXRmOjMwMTI4MTgyNTY1NDAwMjo6MDo6&url=%2FCelular-Samsung-Galaxy-256GB-C%25C3%25A2m%2Fdp%2FB0FPHN1XRM%2Fref%3Dsr_1_3_sspa%3F__mk_pt_BR%3D%25C3%2585M%25C3%2585%25C5%25BD%25C3%2595%25C3%2591%26dib%3DeyJ2IjoiMSJ9.MbrZ4RrcpZyBdm-mE0GIqGeQDrnoVYQGDj_KSGSgkA5vNMwog-qB5CwXvyTatCH9fs0A3sxDa0GWu4NeFrQ9oeqkqxufFYMNzQWLo34P55IiM-mflkp3eIXkCv7u-05XhIg8JZ62vDX1mie-Nw2kVga_OYeBUyuHcH_J2p0pvWKCjD4Bj1hKqTpDPw5dUwI3kXVOw4CToA93RdL2gwDPj9DnCMOwxOlk3p84LDlWBlzJ015MymVyxhX_VbBUSnn5mlxec1MJrlXEnIgOyi0BZqwuFAGsll4zq3IKnKWZw1s.o14YXvwqfes6GL2h4Si1hl01jTXuF4_if2DxfLYyshg%26dib_tag%3Dse%26keywords%3DSmartphone%2BSamsung%2BGalaxy%2BS23%2BUltra%26qid%3D1778794415%26sr%3D8-3-spons%26ufe%3Dapp_do%253Aamzn1.fos.95de73c3-5dda-43a7-bd1f-63af03b14751%26sp_csd%3Dd2lkZ2V0TmFtZT1zcF9hdGY%26psc%3D1;Amazon
Tablet Apple iPad Air M2;Capa Case PREMIUM Anti Impacto com função sleep e suporte para Apple Pencil Gen 2 - compatível com iPad Air M2 de 11 polegadas e Apple iPad Air M3 de 11 polegadas (PRETO);R$ 132,05;https://www.amazon.com.br/sspa/click?ie=UTF8&spc=MTo3NjA0MjcxMjY3MDg4NzYzOjE3Nzg3OTQ0MTg6c3BfYXRmOjMwMTIxNDcwNDQ3MzQwMjo6MDo6&url=%2FPREMIUM-Impacto-fun%25C3%25A7%25C3%25A3o-suporte-Pencil%2Fdp%2FB0GSB6RDT3%2Fref%3Dsr_1_1_sspa%3F__mk_pt_BR%3D%25C3%2585M%25C3%2585%25C5%25BD%25C3%2595%25C3%2591%26dib%3DeyJ2IjoiMSJ9.Hdgl01mDlMVpSmEcgiTEB7gXUpfk_OfM3ByB9g-6Lbx12ydCA3OOBwAO0LSNVKzN6WTTC6TfDPlt8oA527uTSrCikguryci3ofXqboJDkc1pMxh_5vV2Y-jjfAnDSww8TwMiwwZKWXTKj3kPIaWUSvGH0UIGbaesBz4tmj_4J0HbpDUftzNWagCzvmW7OrFo5CRxEBzjZH52TvzoeBJ_8i7VjVxUk8clbKFJeM6cUtnSDVuNvNmnAvpcvF9kx5dH0Q3IisxpCjeVWIPOoWPPEtcHD2pAu9kynNCc9OoxC9A.q4heyVHU_7rXQLJuUeRij7Kv_mE4kVtxClvv7sJVG10%26dib_tag%3Dse%26keywords%3DTablet%2BApple%2BiPad%2BAir%2BM2%26qid%3D1778794418%26sr%3D8-1-spons%26ufe%3Dapp_do%253Aamzn1.fos.6a09f7ec-d911-4889-ad70-de8dd83c8a74%26sp_csd%3Dd2lkZ2V0TmFtZT1zcF9hdGY%26psc%3D1;Amazon
Tablet Apple iPad Air M2;JETech Capa para iPad Air 11 Polegadas M4/M3/M2 (2026/2025/2024), iPad Air 5/4 (Modelo 2022/2020) com Porta Pencil, Suporte para Carregamento de 2º Pencil, Capa Fina para Tablet (Azul Verde);Sem preço;https://www.amazon.com.br/sspa/click?ie=UTF8&spc=MTo3NjA0MjcxMjY3MDg4NzYzOjE3Nzg3OTQ0MTg6c3BfYXRmOjMwMDg3Mjk0NTQ4NDQwMjo6MDo6&url=%2FJETech-Polegadas-Carregamento-Ativa%25C3%25A7%25C3%25A3o-Autom%25C3%25A1tico%2Fdp%2FB0CCV47STL%2Fref%3Dsr_1_2_sspa%3F__mk_pt_BR%3D%25C3%2585M%25C3%2585%25C5%25BD%25C3%2595%25C3%2591%26dib%3DeyJ2IjoiMSJ9.Hdgl01mDlMVpSmEcgiTEB7gXUpfk_OfM3ByB9g-6Lbx12ydCA3OOBwAO0LSNVKzN6WTTC6TfDPlt8oA527uTSrCikguryci3ofXqboJDkc1pMxh_5vV2Y-jjfAnDSww8TwMiwwZKWXTKj3kPIaWUSvGH0UIGbaesBz4tmj_4J0HbpDUftzNWagCzvmW7OrFo5CRxEBzjZH52TvzoeBJ_8i7VjVxUk8clbKFJeM6cUtnSDVuNvNmnAvpcvF9kx5dH0Q3IisxpCjeVWIPOoWPPEtcHD2pAu9kynNCc9OoxC9A.q4heyVHU_7rXQLJuUeRij7Kv_mE4kVtxClvv7sJVG10%26dib_tag%3Dse%26keywords%3DTablet%2BApple%2BiPad%2BAir%2BM2%26qid%3D1778794418%26sr%3D8-2-spons%26ufe%3Dapp_do%253Aamzn1.fos.6a09f7ec-d911-4889-ad70-de8dd83c8a74%26sp_csd%3Dd2lkZ2V0TmFtZT1zcF9hdGY%26psc%3D1;Amazon
Tablet Apple iPad Air M2;JETech Capa para iPad Air 13 Polegadas M4/M3/M2 (2026/2025/2024) com Porta-Pencil, Case Protetora Slim Folio para Tablet, Visualização em Vários Ângulos (Estrela Branca);Sem preço;https://www.amazon.com.br/sspa/click?ie=UTF8&spc=MTo3NjA0MjcxMjY3MDg4NzYzOjE3Nzg3OTQ0MTg6c3BfYXRmOjMwMTA2MjUxMzk3MjgwMjo6MDo6&url=%2FJETech-Polegadas-Porta-Pencil-Visualiza%25C3%25A7%25C3%25A3o-Autom%25C3%25A1tico%2Fdp%2FB0F2HQSZT6%2Fref%3Dsr_1_3_sspa%3F__mk_pt_BR%3D%25C3%2585M%25C3%2585%25C5%25BD%25C3%2595%25C3%2591%26dib%3DeyJ2IjoiMSJ9.Hdgl01mDlMVpSmEcgiTEB7gXUpfk_OfM3ByB9g-6Lbx12ydCA3OOBwAO0LSNVKzN6WTTC6TfDPlt8oA527uTSrCikguryci3ofXqboJDkc1pMxh_5vV2Y-jjfAnDSww8TwMiwwZKWXTKj3kPIaWUSvGH0UIGbaesBz4tmj_4J0HbpDUftzNWagCzvmW7OrFo5CRxEBzjZH52TvzoeBJ_8i7VjVxUk8clbKFJeM6cUtnSDVuNvNmnAvpcvF9kx5dH0Q3IisxpCjeVWIPOoWPPEtcHD2pAu9kynNCc9OoxC9A.q4heyVHU_7rXQLJuUeRij7Kv_mE4kVtxClvv7sJVG10%26dib_tag%3Dse%26keywords%3DTablet%2BApple%2BiPad%2BAir%2BM2%26qid%3D1778794418%26sr%3D8-3-spons%26ufe%3Dapp_do%253Aamzn1.fos.db68964d-7c0e-4bb2-a95c-e5cb9e32eb12%26sp_csd%3Dd2lkZ2V0TmFtZT1zcF9hdGY%26psc%3D1;Amazon
Notebook Gamer Acer Nitro 5;Notebook Acer Aspire 16 A16-71M-51UQ Intel Core Ultra 5 16GB RAM 1TB SSD Tela 16 Led IPS 60Hz WUXGA Windows 11;R$ 5699,00;https://www.amazon.com.br/sspa/click?ie=UTF8&spc=MTozNzk2MjU5NDMxMzQ0OTY4OjE3Nzg3OTQ0MjA6c3BfYXRmOjMwMTE5OTE3Mjk2ODIwMjo6MDo6&url=%2FNotebook-Aspire-A16-71M-51UQ-Intel-Windows%2Fdp%2FB08293MH76%2Fref%3Dsr_1_1_sspa%3F__mk_pt_BR%3D%25C3%2585M%25C3%2585%25C5%25BD%25C3%2595%25C3%2591%26dib%3DeyJ2IjoiMSJ9.3C1jbz3mlxB6zcZS548U0lV0wQT02lm6EAqdwmHCOMrqvbtvRJIflQbcSNBJlEd-LdLMz8MaAmuDs1_6x-7ukRuM9vuV3-0YNcpsdbbZCqJjFv2ny_7R2E2x-Ldcf0ESYpJSbrKsPiwkS05FnhDIOqX-_R1OtPOYnjsQZoCLIaF9soLarC3fXkv8a-D25C9aVTmwJOJoBIeLRZFLwTPvSZpjm1XR8Q4GjaW9CF_eLXD9m24oDN8B9udFwBoinROe58_Tzcro0lBpWriD1CeBrfHHuiezqVsZHcqZ3Rrl3L4.fV8DE_uG2rLASZsfdMmqWaeVFsXKn-n0M3XaT6Kp2WA%26dib_tag%3Dse%26keywords%3DNotebook%2BGamer%2BAcer%2BNitro%2B5%26qid%3D1778794420%26sr%3D8-1-spons%26ufe%3Dapp_do%253Aamzn1.fos.25548f35-0de7-44b3-b28e-0f56f3f96147%26sp_csd%3Dd2lkZ2V0TmFtZT1zcF9hdGY%26psc%3D1;Amazon
Notebook Gamer Acer Nitro 5;NOTE ACER AG15-51P-54EV I5 LINUX 8GB DDR5 256 SSD 15.3 IPS;Sem preço;https://www.amazon.com.br/sspa/click?ie=UTF8&spc=MTozNzk2MjU5NDMxMzQ0OTY4OjE3Nzg3OTQ0MjA6c3BfYXRmOjMwMTI4MjIzNTQzNzUwMjo6MDo6&url=%2FNOTE-ACER-AG15-51P-54EV-LINUX-DDR5%2Fdp%2FB0FR5LNCNG%2Fref%3Dsr_1_2_sspa%3F__mk_pt_BR%3D%25C3%2585M%25C3%2585%25C5%25BD%25C3%2595%25C3%2591%26dib%3DeyJ2IjoiMSJ9.3C1jbz3mlxB6zcZS548U0lV0wQT02lm6EAqdwmHCOMrqvbtvRJIflQbcSNBJlEd-LdLMz8MaAmuDs1_6x-7ukRuM9vuV3-0YNcpsdbbZCqJjFv2ny_7R2E2x-Ldcf0ESYpJSbrKsPiwkS05FnhDIOqX-_R1OtPOYnjsQZoCLIaF9soLarC3fXkv8a-D25C9aVTmwJOJoBIeLRZFLwTPvSZpjm1XR8Q4GjaW9CF_eLXD9m24oDN8B9udFwBoinROe58_Tzcro0lBpWriD1CeBrfHHuiezqVsZHcqZ3Rrl3L4.fV8DE_uG2rLASZsfdMmqWaeVFsXKn-n0M3XaT6Kp2WA%26dib_tag%3Dse%26keywords%3DNotebook%2BGamer%2BAcer%2BNitro%2B5%26qid%3D1778794420%26sr%3D8-2-spons%26ufe%3Dapp_do%253Aamzn1.fos.95de73c3-5dda-43a7-bd1f-63af03b14751%26sp_csd%3Dd2lkZ2V0TmFtZT1zcF9hdGY%26psc%3D1;Amazon
Notebook Gamer Acer Nitro 5;"Notebook Gamer Predator Helios Neo 16 Phn16-73-76tf Intel® Core™ Ultra 7 255hx 16gb Ram 512gb Ssd Rtx 5070 Wqxga 16"" Ai";R$ 4089,90;https://www.amazon.com.br/sspa/click?ie=UTF8&spc=MTozNzk2MjU5NDMxMzQ0OTY4OjE3Nzg3OTQ0MjA6c3BfYXRmOjMwMTIwOTIyMjQ0MTIwMjo6MDo6&url=%2FNotebook-Predator-Helios-Phn16-73-76tf-Intel%25C2%25AE%2Fdp%2FB082MKDKTX%2Fref%3Dsr_1_3_sspa%3F__mk_pt_BR%3D%25C3%2585M%25C3%2585%25C5%25BD%25C3%2595%25C3%2591%26dib%3DeyJ2IjoiMSJ9.3C1jbz3mlxB6zcZS548U0lV0wQT02lm6EAqdwmHCOMrqvbtvRJIflQbcSNBJlEd-LdLMz8MaAmuDs1_6x-7ukRuM9vuV3-0YNcpsdbbZCqJjFv2ny_7R2E2x-Ldcf0ESYpJSbrKsPiwkS05FnhDIOqX-_R1OtPOYnjsQZoCLIaF9soLarC3fXkv8a-D25C9aVTmwJOJoBIeLRZFLwTPvSZpjm1XR8Q4GjaW9CF_eLXD9m24oDN8B9udFwBoinROe58_Tzcro0lBpWriD1CeBrfHHuiezqVsZHcqZ3Rrl3L4.fV8DE_uG2rLASZsfdMmqWaeVFsXKn-n0M3XaT6Kp2WA%26dib_tag%3Dse%26keywords%3DNotebook%2BGamer%2BAcer%2BNitro%2B5%26qid%3D1778794420%26sr%3D8-3-spons%26ufe%3Dapp_do%253Aamzn1.fos.95de73c3-5dda-43a7-bd1f-63af03b14751%26sp_csd%3Dd2lkZ2V0TmFtZT1zcF9hdGY%26psc%3D1;Amazon
Monitor Gamer LG Ultragear 27;"Monitor Acer EK221Q E3bi 21.5"" VGA HDMI";R$ 502,86;https://www.amazon.com.br/sspa/click?ie=UTF8&spc=MTo1MDIzMTM1Mzg1OTYxOTk4OjE3Nzg3OTQ0MjI6c3BfYXRmOjMwMTI4MTk0MDU1MDYwMjo6MDo6&url=%2FMonitor-Acer-EK221Q-E3bi-21-5%2Fdp%2FB0D18LJ9WW%2Fref%3Dsr_1_1_sspa%3F__mk_pt_BR%3D%25C3%2585M%25C3%2585%25C5%25BD%25C3%2595%25C3%2591%26dib%3DeyJ2IjoiMSJ9.GOpklrrz-YFvECbVG1kN3KUsforZHt6QOWGm3RQLHQ1HjR4cXn3uiKoz4OtxXFeEonwGp5Mz83gFSi5TvQ_9FCPeSMH1t5lZoN7-9wch4-Frf5pNeN8mDY8sCoBZK03c9qoud6Ye9hgapsmHA8FQZvz0Bu5ELa5QhhtZw4gKq5GeWUsGSjfFdwEGHvtoKFnaC8DLEpl1izqQtn0qGVoViJ9PqSiZ4Zmr9Md9k7cZy5BCwLqt1N5ZB5tke0A1Jd-9yLjmNDIKFhXdB3RzHGR6jCPlydXHAjFDWy6eAW_vmkU.cXC0efdd1k722x3R4JOJ6-xQNL7_540FCxFLEhMyHuQ%26dib_tag%3Dse%26keywords%3DMonitor%2BGamer%2BLG%2BUltragear%2B27%26qid%3D1778794422%26sr%3D8-1-spons%26ufe%3Dapp_do%253Aamzn1.fos.25548f35-0de7-44b3-b28e-0f56f3f96147%26sp_csd%3Dd2lkZ2V0TmFtZT1zcF9hdGY%26psc%3D1;Amazon
Monitor Gamer LG Ultragear 27;"Monitor Samsung 32"" FHD,75 Hz,Freesync, HDMI, DP,Preto, S3";Sem preço;https://www.amazon.com.br/sspa/click?ie=UTF8&spc=MTo1MDIzMTM1Mzg1OTYxOTk4OjE3Nzg3OTQ0MjI6c3BfYXRmOjMwMTI4MTk0MDU1MTQwMjo6MDo6&url=%2FSAMSUNG-LS32B300NWNMZD-Essential-Monitor-S3%2Fdp%2FB0F1DJCTFY%2Fref%3Dsr_1_2_sspa%3F__mk_pt_BR%3D%25C3%2585M%25C3%2585%25C5%25BD%25C3%2595%25C3%2591%26dib%3DeyJ2IjoiMSJ9.GOpklrrz-YFvECbVG1kN3KUsforZHt6QOWGm3RQLHQ1HjR4cXn3uiKoz4OtxXFeEonwGp5Mz83gFSi5TvQ_9FCPeSMH1t5lZoN7-9wch4-Frf5pNeN8mDY8sCoBZK03c9qoud6Ye9hgapsmHA8FQZvz0Bu5ELa5QhhtZw4gKq5GeWUsGSjfFdwEGHvtoKFnaC8DLEpl1izqQtn0qGVoViJ9PqSiZ4Zmr9Md9k7cZy5BCwLqt1N5ZB5tke0A1Jd-9yLjmNDIKFhXdB3RzHGR6jCPlydXHAjFDWy6eAW_vmkU.cXC0efdd1k722x3R4JOJ6-xQNL7_540FCxFLEhMyHuQ%26dib_tag%3Dse%26keywords%3DMonitor%2BGamer%2BLG%2BUltragear%2B27%26qid%3D1778794422%26sr%3D8-2-spons%26ufe%3Dapp_do%253Aamzn1.fos.95de73c3-5dda-43a7-bd1f-63af03b14751%26sp_csd%3Dd2lkZ2V0TmFtZT1zcF9hdGY%26psc%3D1;Amazon
Monitor Gamer LG Ultragear 27;Monitor Acer EK251Q Gbi Painel LED IPS de 24.5 Resolução Full HD 120Hz, VGA e HDMI (1.4);R$ 952,00;https://www.amazon.com.br/sspa/click?ie=UTF8&spc=MTo1MDIzMTM1Mzg1OTYxOTk4OjE3Nzg3OTQ0MjI6c3BfYXRmOjMwMTE5NDAzNTk1MzYwMjo6MDo6&url=%2FMONITOR-ACER-EK251Q-HDMI-120HZ%2Fdp%2FB0CX3M5PG3%2Fref%3Dsr_1_3_sspa%3F__mk_pt_BR%3D%25C3%2585M%25C3%2585%25C5%25BD%25C3%2595%25C3%2591%26dib%3DeyJ2IjoiMSJ9.GOpklrrz-YFvECbVG1kN3KUsforZHt6QOWGm3RQLHQ1HjR4cXn3uiKoz4OtxXFeEonwGp5Mz83gFSi5TvQ_9FCPeSMH1t5lZoN7-9wch4-Frf5pNeN8mDY8sCoBZK03c9qoud6Ye9hgapsmHA8FQZvz0Bu5ELa5QhhtZw4gKq5GeWUsGSjfFdwEGHvtoKFnaC8DLEpl1izqQtn0qGVoViJ9PqSiZ4Zmr9Md9k7cZy5BCwLqt1N5ZB5tke0A1Jd-9yLjmNDIKFhXdB3RzHGR6jCPlydXHAjFDWy6eAW_vmkU.cXC0efdd1k722x3R4JOJ6-xQNL7_540FCxFLEhMyHuQ%26dib_tag%3Dse%26keywords%3DMonitor%2BGamer%2BLG%2BUltragear%2B27%26qid%3D1778794422%26sr%3D8-3-spons%26ufe%3Dapp_do%253Aamzn1.fos.95de73c3-5dda-43a7-bd1f-63af03b14751%26sp_csd%3Dd2lkZ2V0TmFtZT1zcF9hdGY%26psc%3D1;Amazon
Suporte para Monitor articulado F80N;"Suporte Para Monitor Braço Articulado Ajustável Mesa Pc Tv A Gás 17 a 30"" Ajuste de Altura Organizador De Cabo";R$ 159,90;https://www.amazon.com.br/sspa/click?ie=UTF8&spc=MTo3MzYwMDU3MDk1NTM0NzIzOjE3Nzg3OTQ0MjQ6c3BfYXRmOjMwMTIwMDYzMzE1OTAwMjo6MDo6&url=%2FSuporte-Monitor-Articulado-Ajust%25C3%25A1vel-Organizador%2Fdp%2FB0D92Q6X7Z%2Fref%3Dsr_1_1_sspa%3F__mk_pt_BR%3D%25C3%2585M%25C3%2585%25C5%25BD%25C3%2595%25C3%2591%26dib%3DeyJ2IjoiMSJ9.5Lf4h-Bv_gifENkKnhny4ZMyXFYx7JV4N50QrrXAptQfrGuELojlT5yD4-rO4aueK4uStObrtmztVDrxjieL_itbXHR5s1thjTKD9UxkgDkAktBHQrNaqY0fFBEOQYZmBy1JahLr-jDXrq32SNHTu1HuPoZrkEeFET4qkOUHuhUYY3-1v8hZsz4q1mH-VoNcxuQnrQD-Itb5HZD115oyPSRtItpw7_OhoGOS88AMh0Wnh4SrSMEyYuhhCSsEDStnk4462we_7mUSQmHdzBJBtHIjviriORLMeOkvzqqXngA.a5elkx-CbUpSRs5SChH8nQfF3M6u6PIAeQIfVh6OENY%26dib_tag%3Dse%26keywords%3DSuporte%2Bpara%2BMonitor%2Barticulado%2BF80N%26qid%3D1778794424%26sr%3D8-1-spons%26ufe%3Dapp_do%253Aamzn1.fos.db68964d-7c0e-4bb2-a95c-e5cb9e32eb12%26sp_csd%3Dd2lkZ2V0TmFtZT1zcF9hdGY%26psc%3D1;Amazon
Suporte para Monitor articulado F80N;Suporte Monitor Tv Articulado Mesa Escritório Ajustável Usb 3.0 Home Office A Gás;Sem preço;https://www.amazon.com.br/sspa/click?ie=UTF8&spc=MTo3MzYwMDU3MDk1NTM0NzIzOjE3Nzg3OTQ0MjQ6c3BfYXRmOjMwMTIwMDYzMzE1ODgwMjo6MDo6&url=%2FSuporte-Monitor-Articulado-Escrit%25C3%25B3rio-Ajust%25C3%25A1vel%2Fdp%2FB0CM6XNBDP%2Fref%3Dsr_1_2_sspa%3F__mk_pt_BR%3D%25C3%2585M%25C3%2585%25C5%25BD%25C3%2595%25C3%2591%26dib%3DeyJ2IjoiMSJ9.5Lf4h-Bv_gifENkKnhny4ZMyXFYx7JV4N50QrrXAptQfrGuELojlT5yD4-rO4aueK4uStObrtmztVDrxjieL_itbXHR5s1thjTKD9UxkgDkAktBHQrNaqY0fFBEOQYZmBy1JahLr-jDXrq32SNHTu1HuPoZrkEeFET4qkOUHuhUYY3-1v8hZsz4q1mH-VoNcxuQnrQD-Itb5HZD115oyPSRtItpw7_OhoGOS88AMh0Wnh4SrSMEyYuhhCSsEDStnk4462we_7mUSQmHdzBJBtHIjviriORLMeOkvzqqXngA.a5elkx-CbUpSRs5SChH8nQfF3M6u6PIAeQIfVh6OENY%26dib_tag%3Dse%26keywords%3DSuporte%2Bpara%2BMonitor%2Barticulado%2BF80N%26qid%3D1778794424%26sr%3D8-2-spons%26ufe%3Dapp_do%253Aamzn1.fos.db68964d-7c0e-4bb2-a95c-e5cb9e32eb12%26sp_csd%3Dd2lkZ2V0TmFtZT1zcF9hdGY%26psc%3D1;Amazon
Suporte para Monitor articulado F80N;Suporte Monitor 85x22Cm Stand Desk Com Prateleira;R$ 158,90;https://www.amazon.com.br/sspa/click?ie=UTF8&spc=MTo3MzYwMDU3MDk1NTM0NzIzOjE3Nzg3OTQ0MjQ6c3BfYXRmOjMwMTI4MTQ4ODk3ODIwMjo6MDo6&url=%2FSuporte-Monitor-85x22Cm-Stand-Prateleira%2Fdp%2FB0D7QQ6S32%2Fref%3Dsr_1_3_sspa%3F__mk_pt_BR%3D%25C3%2585M%25C3%2585%25C5%25BD%25C3%2595%25C3%2591%26dib%3DeyJ2IjoiMSJ9.5Lf4h-Bv_gifENkKnhny4ZMyXFYx7JV4N50QrrXAptQfrGuELojlT5yD4-rO4aueK4uStObrtmztVDrxjieL_itbXHR5s1thjTKD9UxkgDkAktBHQrNaqY0fFBEOQYZmBy1JahLr-jDXrq32SNHTu1HuPoZrkEeFET4qkOUHuhUYY3-1v8hZsz4q1mH-VoNcxuQnrQD-Itb5HZD115oyPSRtItpw7_OhoGOS88AMh0Wnh4SrSMEyYuhhCSsEDStnk4462we_7mUSQmHdzBJBtHIjviriORLMeOkvzqqXngA.a5elkx-CbUpSRs5SChH8nQfF3M6u6PIAeQIfVh6OENY%26dib_tag%3Dse%26keywords%3DSuporte%2Bpara%2BMonitor%2Barticulado%2BF80N%26qid%3D1778794424%26sr%3D8-3-spons%26ufe%3Dapp_do%253Aamzn1.fos.fcd6d665-32ba-4479-9f21-b774e276a678%26sp_csd%3Dd2lkZ2V0TmFtZT1zcF9hdGY%26psc%3D1;Amazon
